Product Name,Price,Image Url
Product 1,100,https://picsum.photos/200/300
Product 2,101,https://picsum.photos/200/301
Product 3,102,https://picsum.photos/200/302
Product 4,103,https://picsum.photos/200/303
Product 5,104,https://picsum.photos/200/304
Product 6,105,https://picsum.photos/200/305
Product 7,106,https://picsum.photos/200/306
Product 8,107,https://picsum.photos/200/307
Product 9,108,https://picsum.photos/200/308
Product 10,109,https://picsum.photos/200/309
Product 11,110,https://picsum.photos/200/310
Product 12,111,https://picsum.photos/200/311
Product 13,112,https://picsum.photos/200/312
Product 14,113,https://picsum.photos/200/313
Product 15,114,https://picsum.photos/200/314
Product 16,115,https://picsum.photos/200/315
Product 17,116,https://picsum.photos/200/316
Product 18,117,https://picsum.photos/200/317
Product 19,118,https://picsum.photos/200/318
Product 20,119,https://picsum.photos/200/319
